{"version":3,"hash":{"type":"Buffer","data":"+aTgzzOuq2zjizKV4m4dlbsIKfalaqYbJ0n6dEM6Cw6waKt/0qVun4A1z0NxH+R0HImq6y02NvGo39PsmGIsM90mxqDw8Gqc6CgpczQcjNJBi//xoXNPNk5Ft4Rnw0A7LO2OsQVeNb4HypJXRxQX47NcSg5Pr8Xs3u+asuRUT2I="},"indexValueMap":{"edDN58yUhB5lBGeOA4btRcg2sbDXlvkYHfiZd0eNLBg=":{"valueMac":{"type":"Buffer","data":"1Apq1vGs6aDOUd11C9PyvukgtA+/zTEnWsnL9YHXAR8="}},"Q29IBKISxzgM6ENaYvtotisAxBsXEhU/S5GmGtDORwE=":{"valueMac":{"type":"Buffer","data":"bNVZNZm+NRTH1Z1JEC79+wJPozVa5EP+1wDqv5zKnVE="}},"XNX9hNKQSkVN0FCBcypwvtoEYZjRkqAINXuxU9LRJC8=":{"valueMac":{"type":"Buffer","data":"LwbssSfEqp9hFStBdDm/m+7DSh9ycg+KlJOSjeikDYs="}},"PJKW54hpApqOCoHQQANDNjaeBX8x4JGuhDrNHW7sfTA=":{"valueMac":{"type":"Buffer","data":"/oFb5/ObrhFuNrXFJc9et0wg0mYkOeMV4dTwI54jqog="}},"df3ECPgEgMGEIzJ3HmvXCOM7RaEH08bE2WkwEc2kI8A=":{"valueMac":{"type":"Buffer","data":"67YvmzwY7I871X5zb30ZRXWtBj661odRt32Ln/4yFTk="}},"4yr8GDve+oHd016J7HDjWPQ9D8NgEfhRuwKCA6ouDF4=":{"valueMac":{"type":"Buffer","data":"rUBdcunukJkUY516smduKtPwOQVYvma9GQwSpd9Rxq8="}},"lsvxDs4ZL9C3GXR0VZ3fKNHWFcJI4IcNqS9sjXew0uc=":{"valueMac":{"type":"Buffer","data":"Q6cvfF+b/CthwTXWNxVdNXcNSxdJL4ZgFerA3zFUALI="}},"uN06ToGtbPvew62RNCqC+hB1ihMBcBlinu2LV7rfQnI=":{"valueMac":{"type":"Buffer","data":"EYjhwoMw6Y3eZWNZUh7NFaxClZZ9S63PvLWNsqPexzI="}},"Wt82EeHwXEUIbyU4EpupbiZm+60G5N4I+jGkCOW+Yt8=":{"valueMac":{"type":"Buffer","data":"kfHLw51FuW4O/2D4p7Imt4meZG/eDNAq11FOhEQp42w="}},"tuDMLFOe8M4XGp7SG4O9brNQAXwRXeYhcPe6iAEvwRg=":{"valueMac":{"type":"Buffer","data":"ZckueUnE6bX8HYt2gEIE6DmQ7XyY1UtuM9oYqm9DAfk="}},"FmuTXXnmHIWn+N2Krz0QSULj4/2cL37yiz/fs3l9tks=":{"valueMac":{"type":"Buffer","data":"AZ+zzZIAjuTp4dSurpm1bYMmTbf3BzSDoQgAl8WfJdY="}},"J6FTuPaNzWqJuMtqZ9Na/z5wrSpx9XhTvDy0f9t80aU=":{"valueMac":{"type":"Buffer","data":"l3YX/I9SiBBkqPUYBO5qsqwed/xtf22qHCpNhyuAoFA="}},"IucI+5JQYGd655VES8VFoCEpZjnZ+EFD4rnkELnVCnE=":{"valueMac":{"type":"Buffer","data":"QcC/wM61vOoNCoBQ9gUaR8xHmqDtfLTtlIWMjopsqsw="}},"GQVskwTD5iVr3utjwdYze17Fzr7gei9HcdKA4EPMsfw=":{"valueMac":{"type":"Buffer","data":"ofMLXC+SoHDQDEDQ9CNVYa2HFT5HfzvZCqlAYxgcloI="}},"jZ10hZ1RLgY6nabOLINOyYhYBv0uyq+MmIStECMxPow=":{"valueMac":{"type":"Buffer","data":"vWDERP0jYGlIkWFkeA/0iUUU6C463gpgPcUEgu6jwfE="}},"gOsQxPbMJSvuY5VYslEyo6Y4vtNt2ZNvdR1tUGegFIU=":{"valueMac":{"type":"Buffer","data":"wxb9462aYjNxzhN95UZYd5ndzZSa1c5SQ6Ntg7woHX4="}},"gLgq0AcNu6IjzK2bo+3+lzvV29SNvYTGTZ0D3PsBBRI=":{"valueMac":{"type":"Buffer","data":"0MrbofHJne03uFaiPNE/fpUmkNwxMhjPJHQk/rC3JI0="}},"N+4KOxG8PosvzHzVFXtcZ9CJmSsDbJcSYs+oB4lznyE=":{"valueMac":{"type":"Buffer","data":"DsQBXZ5V+vMwhGNOgLYLgmfvpXJLtmUoH3XaBbos2Ig="}},"bL5/NEk0+33mmc1b0tHMxh3ocKvsBwWsUBGLdiNQx4Q=":{"valueMac":{"type":"Buffer","data":"SBpNKHQCU9tNkdq7yfJnwvf8wg9UrJTlUfEc8usd8+w="}},"b+h1ui7ZqAz0GQsFWIR3wfaxoRe3+LpnG8PMNJFLMx8=":{"valueMac":{"type":"Buffer","data":"wq7vqpcfaMMXV/D7b2rNco5GL20tdwrNy1pabGmGc+s="}},"7PRR2nq5v0MyBl13hrW4xOQOUQLlY30MbPfa1qqiG5I=":{"valueMac":{"type":"Buffer","data":"zc4gsMvnsoU5/5O7GHV/NeQYsbD5BducTiDuQJsllVk="}},"YN/baRG0ahSUa0xuNP69w2KhvE6rqtZjujMfUrrAw64=":{"valueMac":{"type":"Buffer","data":"2VxYargMInWL/8j6vPhO9RQPP33gzXVhka+5m6Ot4Yw="}},"1fvNz6mr6oGM7adcd6Kbo4VI702eBsQfyd6K34RPxzs=":{"valueMac":{"type":"Buffer","data":"YM4SwBRVsf6uCRdCO4Kymmpsav9DQfLiKPkvQ7Z5xQs="}},"JDqfFflTfoxyShSUknOGO5O39PjA52bPL4xTTlXGRdE=":{"valueMac":{"type":"Buffer","data":"topY+FXqqCIhlpELXrYC0ugO48td7Oe/CqCC1gipeD4="}},"Tl1TFWmybASx68MSWaTgTdQFdutOTkLFWnkRFBEsawM=":{"valueMac":{"type":"Buffer","data":"sgayxQfVFO3dqZx+5QHWKeW75Npix0qBDpcxlDKlBFc="}},"701PbggCKRpyAvRKW3q0HFObYJLZ75TL47dOhe0tjRc=":{"valueMac":{"type":"Buffer","data":"BWHxqodhL1JabcgUVNZmQkmsClryGEldfYNLIV0e8TE="}},"pfHOPmto+tJMuSsU1teaB9uYIX/+g8IUk/OpmoX2Hx8=":{"valueMac":{"type":"Buffer","data":"P95ZH7RLyNi8PBWDsgovsgrtotw8n0Kv9Eo1cAczFKU="}},"4c8w/PgCfJBKBIBRDWKnANl8RiVPEKcpZH5dKGFM86E=":{"valueMac":{"type":"Buffer","data":"3NO9mbdyLXVl8uNyR1MW23WH3PwesUEmpVuI73ld2zo="}},"2XkICOvzxgm+SqYSdXHWBDdb13yqNwP6hat0RrLV3jQ=":{"valueMac":{"type":"Buffer","data":"DeSNh4HhRBwy9VNr84Fd7P49vzcEG7RRP51cvFesbSI="}},"MN8UFLkmNMFL54fE/7qLAhsCDIGq5tqtwpAjLMuIxo4=":{"valueMac":{"type":"Buffer","data":"BrjKSxntabnqmvSsq4y7z/5IgrVzRlgLbpPkHeELDZY="}}}}