{"noiseKey":{"private":{"type":"Buffer","data":"4D0TRaDqhNKCWhPD0kT4hipQhiNRlrn2hv5TGFmLXnY="},"public":{"type":"Buffer","data":"ysyDr6g+VSOxIG9vA+8MrvINALqYGuC6Sm97htG7R1Y="}},"signedIdentityKey":{"private":{"type":"Buffer","data":"UNkmIcxHRr/QxLDhw7y7WtLqXo84rQ38K6HGM6+mrUM="},"public":{"type":"Buffer","data":"g2E3QuwzGDHhriT89Tw0VE/7Okn+D4uaNfjtqSgX53s="}},"signedPreKey":{"keyPair":{"private":{"type":"Buffer","data":"mOrATju8NG6KtwOkoNypf91HQPMSohCk2dEQbXqzrV8="},"public":{"type":"Buffer","data":"k+T4pBvIy/Ne7MXCUJCw2Ya/fll0GUuzEa7oLppMLx8="}},"signature":{"type":"Buffer","data":"Gr9F0QOYXpuTyuY6sn47lt1LLhqMMV6wLXT+NV/v9Gpqx2W1rWFFq0YQhhU+9QXn1CNqGjtJ5e2D2z/XoZwqjQ=="},"keyId":1},"registrationId":77,"advSecretKey":"wY21vgO9MCwgkPpjJa0dMWAiYaZmdtlVZbrVOYvzNBs=","processedHistoryMessages":[{"key":{"remoteJid":"6289524023567@s.whatsapp.net","fromMe":true,"id":"E8B8165E1A40C16C83C63B83C5E8F1A2"},"messageTimestamp":1684752140},{"key":{"remoteJid":"6289524023567@s.whatsapp.net","fromMe":true,"id":"7A63637BB15C943BFB9E1B42C3A30C79"},"messageTimestamp":1684752141},{"key":{"remoteJid":"6289524023567@s.whatsapp.net","fromMe":true,"id":"41D8EACDF55D4FE6EBFE028B79E648E9"},"messageTimestamp":1684752142},{"key":{"remoteJid":"6289524023567@s.whatsapp.net","fromMe":true,"id":"45F86695BF84595454C8ADAB7D2590B9"},"messageTimestamp":1684752143}],"nextPreKeyId":31,"firstUnuploadedPreKeyId":31,"accountSyncCounter":1,"accountSettings":{"unarchiveChats":false},"account":{"details":"CLeE3b8HEIeOraMGGAE=","accountSignatureKey":"/CeaXIT2WXCn0mtkawY4UVgkJ8MBCs312W70tEIn0Qs=","accountSignature":"QfDv3pfoAMB2TVqKM7ZWMnRVHi9YAceWUQVWsV8tFc2NJ5yAauz3Q9On2RKBWNeXPwszFoPdF9brH0luLRM7BQ==","deviceSignature":"3LTsIOU7AXdZwz6p5ELyJJ7j2Up78q5Dv0yhpddS81rB+bMTFtWY101milbYvlClRomIFsptQYMP8bKQcDGPhg=="},"me":{"id":"6289524023567:10@s.whatsapp.net","name":"SKY"},"signalIdentities":[{"identifier":{"name":"6289524023567:10@s.whatsapp.net","deviceId":0},"identifierKey":{"type":"Buffer","data":"BfwnmlyE9llwp9JrZGsGOFFYJCfDAQrN9dlu9LRCJ9EL"}}],"platform":"android","lastAccountSyncTimestamp":1684752296,"myAppStateKeyId":"AAAAAOaQ"}