[{"senderKeyId":1209651732,"senderChainKey":{"iteration":3,"seed":"Kpn851g7KM2iP4nmZoJLQ9HGDr/ePJIbPD/ZfSrJmo0="},"senderSigningKey":{"public":"BbcFO91ZdCif8b8zm7mb+KqU31oG+Yg3tgUhMscL6A9x"},"senderMessageKeys":[]},{"senderKeyId":1209651732,"senderChainKey":{"iteration":1,"seed":"+sbD/iunpr1tDlvCSXCSj1s1e2WjITv7wnoaPyfcubc="},"senderSigningKey":{"public":"BbcFO91ZdCif8b8zm7mb+KqU31oG+Yg3tgUhMscL6A9x"},"senderMessageKeys":[]},{"senderKeyId":1209651732,"senderChainKey":{"iteration":2,"seed":"1RwWIKZWP1zahKS9FfWoKN1xiS9XpNiBl138hNUo/Yk="},"senderSigningKey":{"public":"BbcFO91ZdCif8b8zm7mb+KqU31oG+Yg3tgUhMscL6A9x"},"senderMessageKeys":[]}]