{"_sessions":{"BS8Y5Wp7nHLpoIiNMHnwzzYeyQUYgUslhGe+qYdRpEIZ":{"registrationId":2062567291,"currentRatchet":{"ephemeralKeyPair":{"pubKey":"BcNTHXwFq0AWBsB21Nr4+QMPrroSrjtaThCGdPDSsfsc","privKey":"KKT8ZK+cxeYThpMN7VH1nUgVzSTv1QBpm0knnruXsGE="},"lastRemoteEphemeralKey":"BTNq6PoW84KZcxNn4Ct3PVqHKEs/bUg7pJS/RRy32mVG","previousCounter":0,"rootKey":"IzPM4o67GPkU1Oqbpparc3fpexE2eMk2BB5NVGaJa8Y="},"indexInfo":{"baseKey":"BS8Y5Wp7nHLpoIiNMHnwzzYeyQUYgUslhGe+qYdRpEIZ","baseKeyType":1,"closed":-1,"used":1684752475315,"created":1684752461535,"remoteIdentityKey":"BdssupUe8KSF4RAQWFswyvS7s2yJ9yRsPzjilA0xIwE/"},"_chains":{"BTNq6PoW84KZcxNn4Ct3PVqHKEs/bUg7pJS/RRy32mVG":{"chainKey":{"counter":0,"key":"ddyQWHucN88vzE9XliQfDsTfPzs16PQv4xWw3QIcOVk="},"chainType":2,"messageKeys":{}},"BcNTHXwFq0AWBsB21Nr4+QMPrroSrjtaThCGdPDSsfsc":{"chainKey":{"counter":-1,"key":"gwTNIhgz1ql6LDrSrsdxPEafXtGoQGCKZkhQKC1U/2U="},"chainType":1,"messageKeys":{}}}}},"version":"v1"}