{"_sessions":{"BZqOJa0oRgNJxQQQtwXPT7FFu86ddK1i5/r7W7uHVxwL":{"registrationId":137,"currentRatchet":{"ephemeralKeyPair":{"pubKey":"BWmzKbC+uVk/d3q9MWistHw04/Gt1kRBViFsBKrln5Uj","privKey":"qEPd5PbCWvM9G/jvjqyr+xfevEbRbJIMAOnnbEMOqF4="},"lastRemoteEphemeralKey":"BRhsIvQdqnp64lDPhPNWjHiMhLY5eq5TCBL+WEJup3Bg","previousCounter":0,"rootKey":"eFPVRhYMDkFeXCNv4Nfti2bZ+AXZqlnArJPVtWlKoX0="},"indexInfo":{"baseKey":"BZqOJa0oRgNJxQQQtwXPT7FFu86ddK1i5/r7W7uHVxwL","baseKeyType":2,"closed":1684752355591,"used":1684752355488,"created":1684752355488,"remoteIdentityKey":"Bd0I5PJw/qdXg3jsE8fEHlsMmIxhI2K/boMGtyHp+5td"},"_chains":{"BRhsIvQdqnp64lDPhPNWjHiMhLY5eq5TCBL+WEJup3Bg":{"chainKey":{"counter":0,"key":"+3ln5VpjSHIUWhArLAMvbcPXvip1QV8qFWpcvoyzzlo="},"chainType":2,"messageKeys":{}},"BWmzKbC+uVk/d3q9MWistHw04/Gt1kRBViFsBKrln5Uj":{"chainKey":{"counter":-1,"key":"QCWHnLYPfryE89X/dH4vppNRs+Js6Ulx/o0PRobYl3Q="},"chainType":1,"messageKeys":{}}}},"BZ6SXfQrrQr5j6NS+H9h3TuUGR1GZ1NqpgHsEjwGlXow":{"registrationId":137,"currentRatchet":{"ephemeralKeyPair":{"pubKey":"BVldxDyqUtpExno1j00RUn0FQYcXMFHtSH74GCet1DxN","privKey":"wAT+Kh6QMxjDW900fatbCscDOIq9TBaHyTly/FuPuFI="},"lastRemoteEphemeralKey":"BWD41eO80YFDug0ZXmfQllppnErcXMiy7+ILpEgcC28V","previousCounter":0,"rootKey":"fzSs2NLlVlaPp3Xe57MLHL3dgjoy0OYzeDlVBYzZtOA="},"indexInfo":{"baseKey":"BZ6SXfQrrQr5j6NS+H9h3TuUGR1GZ1NqpgHsEjwGlXow","baseKeyType":2,"closed":1684752355684,"used":1684752355592,"created":1684752355592,"remoteIdentityKey":"Bd0I5PJw/qdXg3jsE8fEHlsMmIxhI2K/boMGtyHp+5td"},"_chains":{"BWD41eO80YFDug0ZXmfQllppnErcXMiy7+ILpEgcC28V":{"chainKey":{"counter":0,"key":"PINjHzTvF19Gv421u6LSdgzzuUo0cJWBm+ivlGXTYPE="},"chainType":2,"messageKeys":{}},"BVldxDyqUtpExno1j00RUn0FQYcXMFHtSH74GCet1DxN":{"chainKey":{"counter":-1,"key":"uXSOQfk9WS/B2pQA/ohDEb+yY5zKTN49r+2Ct8iwWoA="},"chainType":1,"messageKeys":{}}}},"BWb9oIu5IyXk2MceL+uXnLOp6qA84DdTJnF7PmcA04VI":{"registrationId":137,"currentRatchet":{"ephemeralKeyPair":{"pubKey":"Bb0befRnPSEgdEw8gyki13QG8sbk2pEyR47VlbVyLhNR","privKey":"EGIaCHIJ5fHDSfjyGvnXj4bNJgDwmBEtc1DeL4YLFGc="},"lastRemoteEphemeralKey":"BYmNdiCUq1p5Ri/CyAyXJWebeh5dPEQKQNNw+5QeK65+","previousCounter":0,"rootKey":"hmV8fwGMdVWRkWepwg3EXXOqMEz7JZfZX51BvQpDCnk="},"indexInfo":{"baseKey":"BWb9oIu5IyXk2MceL+uXnLOp6qA84DdTJnF7PmcA04VI","baseKeyType":2,"closed":-1,"used":1684752355685,"created":1684752355685,"remoteIdentityKey":"Bd0I5PJw/qdXg3jsE8fEHlsMmIxhI2K/boMGtyHp+5td"},"_chains":{"BYmNdiCUq1p5Ri/CyAyXJWebeh5dPEQKQNNw+5QeK65+":{"chainKey":{"counter":0,"key":"VK9YGIxS6f994HJ6ldM6eyDTBBsHk/wnRPaBoxzToG4="},"chainType":2,"messageKeys":{}},"Bb0befRnPSEgdEw8gyki13QG8sbk2pEyR47VlbVyLhNR":{"chainKey":{"counter":-1,"key":"KDRzkjEShXa3e6jj60Ct9tx1Nw9TEPMFWiUzX/llg8c="},"chainType":1,"messageKeys":{}}}}},"version":"v1"}