{"_sessions":{"BZYz+tx3qKD468Fj0Bp9ZLGRRkOvhAjinvkzKGHw0/oJ":{"registrationId":413940811,"currentRatchet":{"ephemeralKeyPair":{"pubKey":"BSCKFoIdtUsr15qMFwfW1KvwI2+y4YNkRb02kHYaJI4w","privKey":"wDqxmJl6zUFt8Dm5YxwKzV17HnRVxjs95JvZRuR/hk4="},"lastRemoteEphemeralKey":"BXz2yYxGCuH6XLS79kDvX1EjBiVlNDcDDcNpnAw4CJ48","previousCounter":0,"rootKey":"OYEp8ikQ+q/VcaPfR6YXDCRDkgiXHH9lQe5LkmgT4Ao="},"indexInfo":{"baseKey":"BZYz+tx3qKD468Fj0Bp9ZLGRRkOvhAjinvkzKGHw0/oJ","baseKeyType":2,"closed":-1,"used":1684752377988,"created":1684752377988,"remoteIdentityKey":"BcQ19ycXotMwYDUIdo/Vwr8WkcGtnlcpGfrNoiEwNdRh"},"_chains":{"BXz2yYxGCuH6XLS79kDvX1EjBiVlNDcDDcNpnAw4CJ48":{"chainKey":{"counter":0,"key":"B9sixC7inmrYZyI+g9M+EaM3DESQPUQ8GRb22YapW8U="},"chainType":2,"messageKeys":{}},"BSCKFoIdtUsr15qMFwfW1KvwI2+y4YNkRb02kHYaJI4w":{"chainKey":{"counter":-1,"key":"ccNk1odF91iNwfhQ0mouB/EVNODhAzRyYtKtbGzFetw="},"chainType":1,"messageKeys":{}}}}},"version":"v1"}