{"_sessions":{"BWK1Zxi2+n6uPb4G+xWcn5GjY0DPmPCbXzX2qGyhHgkT":{"registrationId":748035834,"currentRatchet":{"ephemeralKeyPair":{"pubKey":"BUwKkxXg97TnXvoQxGRjDoAtXRSVwwPdb7j63ugLIM4K","privKey":"OBv7AgNOfWdleWIHn7Q4BymRe+njE38GoxY6WLPhWGg="},"lastRemoteEphemeralKey":"BfG8LvXQn25//4VLw8b0kadAWBG54rraHz6akQYatOt4","previousCounter":0,"rootKey":"7J1TPzV+8nHjW+12+BQzY4y3vaP+BX+bSwXMfSbRumA="},"indexInfo":{"baseKey":"BWK1Zxi2+n6uPb4G+xWcn5GjY0DPmPCbXzX2qGyhHgkT","baseKeyType":1,"closed":-1,"used":1684752496542,"created":1684752496542,"remoteIdentityKey":"BelQ+JWWZwG7hx718hdi7Id2R/ZP01TNnqS0/VKNblZp"},"_chains":{"BUwKkxXg97TnXvoQxGRjDoAtXRSVwwPdb7j63ugLIM4K":{"chainKey":{"counter":0,"key":"lC3/jxxJYk9d+16HTefNBFB1tsdFk+YaGJEMLUHq9qY="},"chainType":1,"messageKeys":{}}},"pendingPreKey":{"signedKeyId":1,"baseKey":"BWK1Zxi2+n6uPb4G+xWcn5GjY0DPmPCbXzX2qGyhHgkT","preKeyId":11004067}}},"version":"v1"}