{"_sessions":{"BUarpjn/mdS20gVIvmJddnUjbx6TMvEtX34j5GrFNk8F":{"registrationId":299773555,"currentRatchet":{"ephemeralKeyPair":{"pubKey":"BQqpZxLktQC2TNLBJTiPqgsVqv7JipTVX9ym4hJpzKdm","privKey":"kDOUIWxjdhFwwYfUTXrCRcXAiPpwk7HAxe4FGe5bLEs="},"lastRemoteEphemeralKey":"BQNC5qUxgeWDS5waR5QmYIdoQBMk6mAHDOEh2Fdy+2gs","previousCounter":0,"rootKey":"rhtIcQ07x0C47E1ah04h6ujF/lyg5IEMXQv+7YQkEs0="},"indexInfo":{"baseKey":"BUarpjn/mdS20gVIvmJddnUjbx6TMvEtX34j5GrFNk8F","baseKeyType":1,"closed":-1,"used":1684752456640,"created":1684752456640,"remoteIdentityKey":"Bbl9+KOraW3gKO+liQiZfE7b6ttrTz51PXpBG2CuRPQZ"},"_chains":{"BQqpZxLktQC2TNLBJTiPqgsVqv7JipTVX9ym4hJpzKdm":{"chainKey":{"counter":0,"key":"xpa6lkiRLu6Vd1Zv37Tl5/fvzpm6/hdj21ow/JyEu7k="},"chainType":1,"messageKeys":{}}},"pendingPreKey":{"signedKeyId":0,"baseKey":"BUarpjn/mdS20gVIvmJddnUjbx6TMvEtX34j5GrFNk8F","preKeyId":8595125}}},"version":"v1"}