{"_sessions":{"BZinc23bzk0LBZnGBgtqPQBkd4wcD/tMrfTYZLnEJUsz":{"registrationId":441904378,"currentRatchet":{"ephemeralKeyPair":{"pubKey":"BfI/73BzW4eQOggJ/b+2wf9s4VUhyKIwvwVDN6KD2GBq","privKey":"aLmyE8T8ODagLlft1NNq0vdwXe8hq0AKEulzg2DmpFU="},"lastRemoteEphemeralKey":"BYcf5y98xRzN5fqjGu+VoxFnaYyQc4NuaZH86LN9N7hG","previousCounter":8,"rootKey":"dR2+b+n2Vz6uaQRsfrsrmH9stURL1RFIowhNCorEZSA="},"indexInfo":{"baseKey":"BZinc23bzk0LBZnGBgtqPQBkd4wcD/tMrfTYZLnEJUsz","baseKeyType":2,"closed":-1,"used":1684752555529,"created":1684752139890,"remoteIdentityKey":"BfwnmlyE9llwp9JrZGsGOFFYJCfDAQrN9dlu9LRCJ9EL"},"_chains":{"BXDkJNMB8f2HHdX45tGJsNUyMEUzDawTaePZ+vR/LA1x":{"chainKey":{"counter":8},"chainType":2,"messageKeys":{}},"BdDF8f1g7HFsGu3SQ/3ylmkkheeICQHSHDOBnQJpTEw7":{"chainKey":{"counter":0},"chainType":2,"messageKeys":{}},"BYcf5y98xRzN5fqjGu+VoxFnaYyQc4NuaZH86LN9N7hG":{"chainKey":{"counter":0,"key":"m3yjoHYyaj9Imm7N/0gN0WI+r4hAY0TMjOypM3zTrKo="},"chainType":2,"messageKeys":{}},"BfI/73BzW4eQOggJ/b+2wf9s4VUhyKIwvwVDN6KD2GBq":{"chainKey":{"counter":1,"key":"JBL94WE0JWQEuFa+mrRi4EMm7RioKShuHuayLxod/WY="},"chainType":1,"messageKeys":{}}}}},"version":"v1"}