{"_sessions":{"BbE6jyXv2Ht4SkpxAmV19Gw2kJzX1sOZGExV7ngsNdEr":{"registrationId":1147378336,"currentRatchet":{"ephemeralKeyPair":{"pubKey":"BQMvx3SkubDzei85VtG1K0LpVUU8DlKlL+zoZSPG80h7","privKey":"uH5iLgjwOn79c6lf+3D3W7UQ8rIBpcJdCofCdgtuznw="},"lastRemoteEphemeralKey":"BalNXGD/pWRUR6HZ8eR6ksVnWMcxmvW5tpmBq2zWtT48","previousCounter":0,"rootKey":"Ck+azv5vC/MlhMw5JBN4Eub5/GtC6ftUPPjELLToKLU="},"indexInfo":{"baseKey":"BbE6jyXv2Ht4SkpxAmV19Gw2kJzX1sOZGExV7ngsNdEr","baseKeyType":1,"closed":-1,"used":1684752476584,"created":1684752476584,"remoteIdentityKey":"BSCmqP/MBiuWmigXe18l8f6868UZYQM+lkWVnkrZshsf"},"_chains":{"BQMvx3SkubDzei85VtG1K0LpVUU8DlKlL+zoZSPG80h7":{"chainKey":{"counter":0,"key":"LHSIEsYgVwkC9OhkeYPVoD4WAaEYqBHCHr4yc5BEMYI="},"chainType":1,"messageKeys":{}}},"pendingPreKey":{"signedKeyId":4,"baseKey":"BbE6jyXv2Ht4SkpxAmV19Gw2kJzX1sOZGExV7ngsNdEr","preKeyId":1707435}}},"version":"v1"}