{"_sessions":{"BbpaZldmUhGjXGkpbT1wZ8X7h3cE8IQwc0iq301L6mBX":{"registrationId":661989266,"currentRatchet":{"ephemeralKeyPair":{"pubKey":"Ba1YMVjBw4fZ4IHhW2laanFxcyW8sy1quGMuvlVbVkoX","privKey":"IKw0GI/SYMeHWKed6R9dKu/mU94KGunl8Wib+GmSlkY="},"lastRemoteEphemeralKey":"BdhEUrHYF7IPm/0TSlSMCNn1UclYnzinPVLOBxrcQ3pP","previousCounter":0,"rootKey":"Cc57KzQWssj7sI0WInYALsiAFg+nN8/3bBaqLFipoL4="},"indexInfo":{"baseKey":"BbpaZldmUhGjXGkpbT1wZ8X7h3cE8IQwc0iq301L6mBX","baseKeyType":1,"closed":-1,"used":1684752486544,"created":1684752486544,"remoteIdentityKey":"Ba4KDbYccl054KbgZo3ZoPsH7Q1Dg2n0ImK7X9J6Hfpy"},"_chains":{"Ba1YMVjBw4fZ4IHhW2laanFxcyW8sy1quGMuvlVbVkoX":{"chainKey":{"counter":0,"key":"/2JCdsPJMV0qNTh6aI6fhMDO//8WCORWsaumRF8BEg8="},"chainType":1,"messageKeys":{}}},"pendingPreKey":{"signedKeyId":11,"baseKey":"BbpaZldmUhGjXGkpbT1wZ8X7h3cE8IQwc0iq301L6mBX","preKeyId":3393336}}},"version":"v1"}