{"_sessions":{"BZQ8bg+izbllT/8X8JnzYX1IEMyenwhLF+BZXK6gB9Nl":{"registrationId":2269,"currentRatchet":{"ephemeralKeyPair":{"pubKey":"BRWfFFweioOJfk1j3lj+y6aIL9XVb6tnDJp5CVs/CKJa","privKey":"mCHawg1JBzbO/WJGhso0G8E+NAVJTGcrJP0cNUsigXI="},"lastRemoteEphemeralKey":"BV+Us/hyu3vOhmu6hhMNIqo1V5RvTxbtAhKYKwiUwEx7","previousCounter":0,"rootKey":"KWlMD37vaZGvStSPrdr2sGn2gie8rn8yRzTgdVDvl8U="},"indexInfo":{"baseKey":"BZQ8bg+izbllT/8X8JnzYX1IEMyenwhLF+BZXK6gB9Nl","baseKeyType":1,"closed":-1,"used":1684752466644,"created":1684752466644,"remoteIdentityKey":"BednmMsUy3VWhrkJO23x/rk9mOLxbxwu/uPCoABIo8U7"},"_chains":{"BRWfFFweioOJfk1j3lj+y6aIL9XVb6tnDJp5CVs/CKJa":{"chainKey":{"counter":0,"key":"kWknQLcacpN3xoB1WswsHUz2zMeKV/B6+gLsZUj510Q="},"chainType":1,"messageKeys":{}}},"pendingPreKey":{"signedKeyId":1,"baseKey":"BZQ8bg+izbllT/8X8JnzYX1IEMyenwhLF+BZXK6gB9Nl"}}},"version":"v1"}