{"_sessions":{"BSOH5RUCAGNRhap9nsOV9R8Z+JUhN2P208cV0RMhoGNi":{"registrationId":292980541,"currentRatchet":{"ephemeralKeyPair":{"pubKey":"BZBnvpLoCT2i7fn4YP9/53udTrMmbrwH+ldTnPuPs5Rj","privKey":"iP3MUcn1R+fH3ESuaeZ1OYlSftjqCdJfbBAp6G/8pmQ="},"lastRemoteEphemeralKey":"Bcul+2qWYiwSLYdT1C6VoePUTv4cWy3IpQ9I7DIrgHhm","previousCounter":0,"rootKey":"9x8ZfJC/YXKfV8A4cLCR/wkufuxSlHT4HIkvVlkRkBs="},"indexInfo":{"baseKey":"BSOH5RUCAGNRhap9nsOV9R8Z+JUhN2P208cV0RMhoGNi","baseKeyType":1,"closed":-1,"used":1684752466645,"created":1684752466645,"remoteIdentityKey":"BbfK1Fe8rWjHCKLRgU4HhBhxMg6yHm1NRD+FAJghoMxg"},"_chains":{"BZBnvpLoCT2i7fn4YP9/53udTrMmbrwH+ldTnPuPs5Rj":{"chainKey":{"counter":0,"key":"f8xJh6JsOhxR3BKUkbLUvtA5IdgbXt9z+jkrT/kLYiw="},"chainType":1,"messageKeys":{}}},"pendingPreKey":{"signedKeyId":3,"baseKey":"BSOH5RUCAGNRhap9nsOV9R8Z+JUhN2P208cV0RMhoGNi","preKeyId":6681281}}},"version":"v1"}