{"_sessions":{"BbMRAoLsCcuGcrihqSpIRwAQRP98OkwX2Mj5FqIcOhk9":{"registrationId":396360650,"currentRatchet":{"ephemeralKeyPair":{"pubKey":"BUnwJZhJi+ZkFFf+pG7lc8TDdb89HJz/uzjHFv0aMqA8","privKey":"QCAScYHRyiik7T1RozPsxXEbMqpHo66mCijynvB/U2k="},"lastRemoteEphemeralKey":"Bd9cOhZ++3UlWRIrKtGPMxc8qYJoRdBiCAKMS4FwPt0v","previousCounter":0,"rootKey":"zLjR4eLaRpuTL0g20wUyn/1W5q+H9BXjC6AI9k7x2JM="},"indexInfo":{"baseKey":"BbMRAoLsCcuGcrihqSpIRwAQRP98OkwX2Mj5FqIcOhk9","baseKeyType":1,"closed":-1,"used":1684752481532,"created":1684752481532,"remoteIdentityKey":"Banjm4/kcq6+1w9LxnXp0X/GOyvU7t5H879TdQF1VpdS"},"_chains":{"BUnwJZhJi+ZkFFf+pG7lc8TDdb89HJz/uzjHFv0aMqA8":{"chainKey":{"counter":0,"key":"PI1kCXDvzIgpd1Yij1yeluj6yovABUTOC0W+yI1aba4="},"chainType":1,"messageKeys":{}}},"pendingPreKey":{"signedKeyId":2,"baseKey":"BbMRAoLsCcuGcrihqSpIRwAQRP98OkwX2Mj5FqIcOhk9","preKeyId":7939361}}},"version":"v1"}