{"_sessions":{"BY4pB/d4u8xCFb+CjfqiGTgfWUYdfO9XdMTdetVrZXVJ":{"registrationId":945087819,"currentRatchet":{"ephemeralKeyPair":{"pubKey":"BVwJaSk4DumbGrNBAj5PJD8c27t2UGHUlCBVTUh2hz0x","privKey":"kIDVl0wZuMcHK3USJsurSpruZeVhZliXfY5aDSR8lmQ="},"lastRemoteEphemeralKey":"BaNrp71qQ2Isdl6MOpp8wcXm9Bm3xzYG8NVe2oITtgdP","previousCounter":0,"rootKey":"oyEkeGflQarZE0UyvuR6YCk/ZzLrQiS6DjDiwhL3nyc="},"indexInfo":{"baseKey":"BY4pB/d4u8xCFb+CjfqiGTgfWUYdfO9XdMTdetVrZXVJ","baseKeyType":2,"closed":-1,"used":1684752597030,"created":1684752597030,"remoteIdentityKey":"BbMVn2iII+K+XHFu6aiDnuhz2d+o3n9W6raJAXH38ktD"},"_chains":{"BaNrp71qQ2Isdl6MOpp8wcXm9Bm3xzYG8NVe2oITtgdP":{"chainKey":{"counter":0,"key":"k9DMfnkTTnsVt8x6NC68u2LqHevTgTucde4BG6Tv+Sw="},"chainType":2,"messageKeys":{}},"BVwJaSk4DumbGrNBAj5PJD8c27t2UGHUlCBVTUh2hz0x":{"chainKey":{"counter":-1,"key":"YJD+u8+gVEXG+ptGQBZIyL1Z6ntGnyCHP90d2Caz5Hg="},"chainType":1,"messageKeys":{}}}}},"version":"v1"}