{"_sessions":{"BRnvK/yKHovLQvQNJ527EjbcEI9W3V9vqHHddI7NpOt1":{"registrationId":4588,"currentRatchet":{"ephemeralKeyPair":{"pubKey":"BcuiXHgsPhmpLmw0kkNuL1gNId/I+oS6V2a3E0B7vpgc","privKey":"0CQrYS2CXBxxYlLhVO/BrpPi/WkV3108VQKUp8n+zno="},"lastRemoteEphemeralKey":"BcEp3spp/4DERa82ledan/97WcvY7dDQVvzFHwI4Aj4C","previousCounter":0,"rootKey":"TOu25zyFpTG7QAcHtzwApxyqg4wKsauREKxjcJ8Oaxg="},"indexInfo":{"baseKey":"BRnvK/yKHovLQvQNJ527EjbcEI9W3V9vqHHddI7NpOt1","baseKeyType":1,"closed":-1,"used":1684752466642,"created":1684752466642,"remoteIdentityKey":"BQcNT5bt7PfQtdTeOHqoAeyjPEaotcW4pwJk3sfQgmEw"},"_chains":{"BcuiXHgsPhmpLmw0kkNuL1gNId/I+oS6V2a3E0B7vpgc":{"chainKey":{"counter":0,"key":"8LEKjdw0ZvYUxxw11lqAcWc/VHl2jPb5NCT1xhG4d1I="},"chainType":1,"messageKeys":{}}},"pendingPreKey":{"signedKeyId":1,"baseKey":"BRnvK/yKHovLQvQNJ527EjbcEI9W3V9vqHHddI7NpOt1"}}},"version":"v1"}