{"_sessions":{"BTfVzB1dr2kNh9rQZPBPMftJgjNqQrP4+hSMbJU7VTx4":{"registrationId":1616730475,"currentRatchet":{"ephemeralKeyPair":{"pubKey":"BQlKVrm2LFHn+aKnFxwap9fjKHKKqxMcOmKxeWAfi8xg","privKey":"IGtK9cPbRMqrQ8EfQ4lRWq4VJ3+GkdUTs7xu6aYzS38="},"lastRemoteEphemeralKey":"BQWCFGvpP2/FowHf2MW1y4emjvX0wz7PucfQGDqgkzNl","previousCounter":0,"rootKey":"JQT6w2jTSeb0cY9PZZPlCyFoc01GGmiC3+xkjccbtTI="},"indexInfo":{"baseKey":"BTfVzB1dr2kNh9rQZPBPMftJgjNqQrP4+hSMbJU7VTx4","baseKeyType":2,"closed":-1,"used":1684752278830,"created":1684752278830,"remoteIdentityKey":"BRFyXikdQD14dz4SgL0dEnrHYdTpUZdE2YDKRhtzE7Z2"},"_chains":{"BQWCFGvpP2/FowHf2MW1y4emjvX0wz7PucfQGDqgkzNl":{"chainKey":{"counter":1,"key":"2AxoBUd7bdRNZ6XyG6GP5W8xY0GnSUvwwpSlNljnKr0="},"chainType":2,"messageKeys":{}},"BQlKVrm2LFHn+aKnFxwap9fjKHKKqxMcOmKxeWAfi8xg":{"chainKey":{"counter":-1,"key":"gtQiAMWMmJFeKgOMKCSGY41VDKsU6SBvIM29b1OZI+8="},"chainType":1,"messageKeys":{}}}}},"version":"v1"}