{"_sessions":{"BSyUWZqbvd+Ea8sdnbajHSemDWRvTWEY3Dl9qmQxUUZL":{"registrationId":1002681155,"currentRatchet":{"ephemeralKeyPair":{"pubKey":"BVN9uF/n5JlZNU/amxYkhgIw+g3ixRSBkf4SwyE4SHUf","privKey":"ULMYxl0oYVaaIqYfyOwL2I7M460NgbVtJ0mY142cZ1k="},"lastRemoteEphemeralKey":"BRrR5+n1LG8OFshSrotwSXX4E53dE7c64Lvc2K+FQ95F","previousCounter":0,"rootKey":"O5tGVOB5dbGc8Ug87OyxECPik9/h1s04O6FXv+OfV54="},"indexInfo":{"baseKey":"BSyUWZqbvd+Ea8sdnbajHSemDWRvTWEY3Dl9qmQxUUZL","baseKeyType":1,"closed":-1,"used":1684752471520,"created":1684752471520,"remoteIdentityKey":"BcC21L+aU+VoWk/3O1BIpCgydONPJYDA9fm0zATLAIJ8"},"_chains":{"BVN9uF/n5JlZNU/amxYkhgIw+g3ixRSBkf4SwyE4SHUf":{"chainKey":{"counter":0,"key":"gfCz7e8ntZkaamBefR4sGzcF+4t5/WHSnId+LaHhGjs="},"chainType":1,"messageKeys":{}}},"pendingPreKey":{"signedKeyId":4,"baseKey":"BSyUWZqbvd+Ea8sdnbajHSemDWRvTWEY3Dl9qmQxUUZL","preKeyId":9654661}}},"version":"v1"}