{"_sessions":{"BUFETnxs6nlxi2vUw595XAM5mp5djHRLNnM3lA6m/3lZ":{"registrationId":668617038,"currentRatchet":{"ephemeralKeyPair":{"pubKey":"BdFQjxdzf7Esd3pKhdHyRgRywFFIkbjpspdTJOntpsQ0","privKey":"QG4qc5rtMT9oKdCNwgD+pMForFX90XqkVz22BPSISUA="},"lastRemoteEphemeralKey":"BYLYovGVF0RlV+OwYdnc5MzquTy6SoAfoLBCcTcdmsJ7","previousCounter":0,"rootKey":"UOkg/sAiZsEF5CjTowXLSZLmJT926Q8sNxB6gbbXgJs="},"indexInfo":{"baseKey":"BUFETnxs6nlxi2vUw595XAM5mp5djHRLNnM3lA6m/3lZ","baseKeyType":1,"closed":-1,"used":1684752491546,"created":1684752491546,"remoteIdentityKey":"BWGAIRJGpfAJEHTeN2CfhNA1AzEQ9FGzcqWoU+b/+KMx"},"_chains":{"BdFQjxdzf7Esd3pKhdHyRgRywFFIkbjpspdTJOntpsQ0":{"chainKey":{"counter":0,"key":"UdPG+lXEFmV3LrjS887D85H8eQrS2xXNgjrTzOHnK1E="},"chainType":1,"messageKeys":{}}},"pendingPreKey":{"signedKeyId":8195549,"baseKey":"BUFETnxs6nlxi2vUw595XAM5mp5djHRLNnM3lA6m/3lZ","preKeyId":10195}}},"version":"v1"}